title,url,status,Identificador,Expedient,Finalització de presentació de sol·licituds,Sistema de selecció,Tipus de personal,Grup de titulació o assimilat,Titulació requerida,Altres requisits,Matèries,Web de l'ens convocant,Accés al tràmit,Observacions,Inici de presentació de sol·licituds,Torn reservat
1 plaça de Tècnic,https://cido.diba.cat/oposicions/20558770/1-placa-de-tecnic-sindic-de-greuges-de-catalunya,Termini obert,20251105O12,convocatòria 05,17/04/2026,Concurs oposició o valoració de mèrits i prova,Funcionari,A1 - Grau universitari (correspondència amb llicenciatures),"Grau, enginyeria o llicenciatura en informàtica, telecomunicacions, ciències de les dades o similar",Nivell C1 de català,"Enginyeria de telecomunicacions, Informàtica",https://www.sindic.cat/ca/page.asp?id=347,https://seue.sindic.cat/sinseu/webclientrwd/iseu.html,,,
1 plaça de Tècnic de noves tecnologies,https://cido.diba.cat/oposicions/21339525/1-placa-de-tecnic-de-noves-tecnologies-ajuntament-de-salt,Termini obert,20260331O9,,16/04/2026,Concurs o valoració de mèrits,Funcionari interí,A2 - Grau universitari (correspondència amb diplomatures),"Grau universitari, diplomatura o titulació equivalent en l'àmbit d'informàtica i de les noves tecnologies",,"Informàtica, Noves tecnologies",https://www.viladesalt.cat/arees-serveis/area-de-serveis-generals-i-economics/recursos-humans-rrhh/rrhh-oferta-places/,,"Segons els requisits de participació, cal ser funcionari de carrera (comissió de serveis) / Codi de treball: 1.401",,
1 plaça d'Analista-programador informàtic,https://cido.diba.cat/oposicions/21340407/1-placa-danalista-programador-informatic-generalitat-de-catalunya-departament-deconomia-i-finances,Termini obert,20251229O58,L009/26,16/04/2026,Concurs oposició o valoració de mèrits i prova,Laboral,A2 - Grau universitari (correspondència amb diplomatures),"Grau, doctorat, llicenciatura, enginyeria o arquitectura, o equivalent",Nivell C1 de català,Anàlisi / Programació,https://tauler.seu-e.cat/inici?idEns=1,https://web.gencat.cat/ca/ciutadania/serveis,Vinculat a la jubilació parcial de la persona que ocupa el lloc de treball amb codi L011608,,
1 plaça de Postdoctoral Researcher in Computational Genetics (Heidelberg),https://cido.diba.cat/oposicions/21339714/1-placa-de-postdoctoral-researcher-in-computational-genetics-heidelberg-consorci-parc-de-recerca-biomedica-de-barcelona-prbb-european-molecular-biology-laboratory-embl,Termini obert,20260330O52,JR3301,30/04/2026,Concurs o valoració de mèrits,Laboral temporal,A1 - Grau universitari (correspondència amb llicenciatures),Vegeu les bases,,"Biologia, Enginyeria sense especificar, Física, Informàtica, Recerca / Laboratori",https://embl.wd103.myworkdayjobs.com/EMBL?l=barcelona,https://embl.wd103.myworkdayjobs.com/en-US/EMBL/job/Heidelberg/Postdoctoral-Researcher-in-Computational-Genetics_JR3301?l=barcelona,,,
1 plaça de Tècnic de recerca,https://cido.diba.cat/oposicions/21339748/1-placa-de-tecnic-de-recerca-fundacio-institut-hospital-del-mar-dinvestigacions-mediques-imim,Termini obert,20260330O54,FIMIM3214-SOLER,"30/04/2026 - Data orientativa; si teniu algun dubte, consulteu l'ens convocant / Obert fins a trobar la persona candidata adequada",Concurs o valoració de mèrits,Laboral temporal,A - Grau universitari,"Grau en Enginyeria Informàtica, Telecomunicacions, Ciència de Dades, Matemàtiques, Estadística i/o similar",Alt nivell d'anglès,"Enginyeria de telecomunicacions, Enginyeria sense especificar, Informàtica, Recerca / Laboratori",https://www.imim.cat/ofertes/convocatories-temporals.html,https://intranet.imim.cat/solicitudcontractes/3257/candidatcontractes/new,Data d'incorporació: abril 2026,,
1 plaça de Tècnic d'anàlisi de dades i experiència d'usuari,https://cido.diba.cat/oposicions/21339652/1-placa-de-tecnic-danalisi-de-dades-i-experiencia-dusuari-universitat-oberta-de-catalunya-uoc,Termini obert,20260330O51,,05/04/2026,Concurs o valoració de mèrits,Laboral,A - Grau universitari,Formació a nivell universitari,Castellà i català / Nivell B2 d'anglès o titulació equivalent,Anàlisi / Programació,https://tauler.seu-e.cat/inici?idEns=18,https://selection.uoc.edu/web/profile/login.aspx,,,
1 plaça de Tècnic mitjà - TIC recerca,https://cido.diba.cat/oposicions/21339543/1-placa-de-tecnic-mitja-tic-recerca-universitat-pompeu-fabra-upf,Termini obert,20260330O47,ENG-PTGAS-PROJ-2026-16,17/04/2026,Concurs o valoració de mèrits,Laboral temporal,A2 - Grau universitari (correspondència amb diplomatures),"Titulació universitària de grau mitjà o graduat universitari, en l'àmbit de les TIC o amb capacitat suficientment provada",Nivell C1 de català / Nivell B2.2 d'anglès,"Informàtica, Recerca / Laboratori",https://www.upf.edu/web/enginyeria/convocatories-psr,https://apply.interfolio.com/184006,,,
1 plaça de Pràctiques SOC + Monitoring,https://cido.diba.cat/oposicions/21339518/1-placa-de-practiques-soc-monitoring-upcnet-sl,Termini obert,20260330O46,req422,"30/04/2026 - Data orientativa; si teniu algun dubte, consulteu l'ens convocant / Obert fins a trobar la persona candidata adequada",Concurs o valoració de mèrits,Laboral temporal,"C1 - Batxillerat, FP 2n grau, cicles formatius grau superior",Estar cursant cicle superior ASIX,,"Informàtica, Recerca / Laboratori",https://upcnet.csod.com/ux/ats/careersite/2/home?c=upcnet&amp;lang=es-CA,https://upcnet.csod.com/ux/ats/careersite/2/requisition/422/application?c=upcnet&lang=es-CA&jobboardid=0,Horari de tardes,,
1 plaça de Cap de la Unitat d'Informàtica,https://cido.diba.cat/oposicions/21246820/1-placa-de-cap-de-la-unitat-dinformatica-ajuntament-damposta,Termini obert,20260313O12,1458/2026/100,16/04/2026,Concurs oposició o valoració de mèrits i prova,Funcionari,A1 - Grau universitari (correspondència amb llicenciatures),Grau Universitari en Enginyeria Informàtica o equivalent,Nivell C1 de català,Informàtica,https://www.amposta.cat/ca/n3/ajuntament/empleats-publics/ofertes-publiques-de-treball,,,,
1 plaça de Full Stack Web Application Developer Bioinformatics (Hinxton),https://cido.diba.cat/oposicions/21334390/1-placa-de-full-stack-web-application-developer-bioinformatics-hinxton-consorci-parc-de-recerca-biomedica-de-barcelona-prbb-european-molecular-biology-laboratory-embl,Termini obert,20260327O92,JR3488,12/04/2026 23:59 h,Concurs o valoració de mèrits,Laboral temporal,A1 - Grau universitari (correspondència amb llicenciatures),"Llicenciatura o màster en informàtica, bioinformàtica, enginyeria de programari o un camp relacionat",Anglès,"Anàlisi / Programació, Biologia, Informàtica, Recerca / Laboratori",https://embl.wd103.myworkdayjobs.com/EMBL?l=barcelona,https://embl.wd103.myworkdayjobs.com/en-US/EMBL/job/Hinxton-Cambridgeshire/Full-Stack-Web-Application-Developer-Bioinformatics_JR3488?l=barcelona,,,
1 plaça de Scientific Data Curator Molecular Networks (AI-Assisted Curation) (Hinxton),https://cido.diba.cat/oposicions/21334406/1-placa-de-scientific-data-curator-molecular-networks-ai-assisted-curation-hinxton-consorci-parc-de-recerca-biomedica-de-barcelona-prbb-european-molecular-biology-laboratory-embl,Termini obert,20260327O93,JR3537,12/04/2026 23:59 h,Concurs o valoració de mèrits,Laboral temporal,A1 - Grau universitari (correspondència amb llicenciatures),"Doctorat o màster en biologia molecular, bioinformàtica, biologia de sistemes o una disciplina relacionada amb les ciències de la vida",Anglès,"Biologia, Informàtica, Recerca / Laboratori",https://embl.wd103.myworkdayjobs.com/EMBL?l=barcelona,https://embl.wd103.myworkdayjobs.com/en-US/EMBL/job/Hinxton-Cambridgeshire/Scientific-Data-Curator-Molecular-Networks--AI-Assisted-Curation-_JR3537?l=barcelona,,,
1 plaça de Tècnic consultor d'interoperabilitat de sistemes d'informació,https://cido.diba.cat/oposicions/21270476/1-placa-de-tecnic-consultor-dinteroperabilitat-de-sistemes-dinformacio-corporacio-sanitaria-parc-tauli,Termini obert,20260317O83,26_35_IPV_ORGSI_TECM,17/04/2026 - Termini anterior: 31/03/2026,Concurs o valoració de mèrits,Laboral temporal,A - Grau universitari,"Titulació universitària en enginyeria informàtica o enginyeria de telecomunicacions, o títol d'enginyeria tècnica en informàtica de gestió o de sistemes o formació adequada pel compliment dels requisi",Nivell C1 de català,"Enginyeria de telecomunicacions, Enginyeria sense especificar, Informàtica. Noves tecnologies",https://treball.tauli.cat/oportunitats-laborals,https://tauli.talentclue.com/ca/node/123931701/12623479,Plaça 8824 (contracte de substitució fins a cobertura definitiva de la plaça) i plaça 9126 (Contracte de treball temporal de substitució pel termini imprescindible),,
1 plaça de Data Engineer-Bioinformatics Technician (Physiology and Pathophysiology of the Digestive Tract),https://cido.diba.cat/oposicions/21334519/1-placa-de-data-engineer-bioinformatics-technician-physiology-and-pathophysiology-of-the-digestive-tract-fundacio-hospital-universitari-vall-dhebron-institut-de-recerca-huvh-ir,Termini obert,20260327O98,,12/04/2026,Concurs o valoració de mèrits,Laboral temporal,A1 - Grau universitari (correspondència amb llicenciatures),"Llicenciatura en Bioinformàtica, Ciències de la Computació, Ciència de Dades, Intel·ligència Artificial o un camp relacionat",,"Biologia, Informàtica, Noves tecnologies, Recerca / Laboratori",https://vhir.vallhebron.com/ca/talent/ofertes-de-feina,https://jobs.vhir.org/en-GB/jobs/internal/a3986b94-5133-48bc-8181-6389c456251c,,,
1 plaça de Clinical Data Analyst,https://cido.diba.cat/oposicions/21334210/1-placa-de-clinical-data-analyst-institut-dinvestigacio-en-ciencies-de-la-salut-germans-trias-i-pujol-igtp,Termini obert,20260327O86,2026_44,14/04/2026,Concurs o valoració de mèrits,Laboral temporal,A - Grau universitari,"Màster en (Bio)informàtica, Ciència de Dades, Ciències Biomèdiques, Biologia Computacional o disciplines relacionades. Es valorarà el doctorat",Excel·lent domini de l'anglès i el castellà,"Anàlisi / Programació, Biologia, Informàtica, Recerca / Laboratori, Sanitat / Medicina",https://igtp.jobs.personio.com/,https://igtp.jobs.personio.com/job/2578532?language=en&display=en#apply,,,
1 plaça d'Investigador predoctoral amb destinació al Departament de Telecomunicació i Enginyeria de Sistemes,https://cido.diba.cat/oposicions/21333685/1-placa-dinvestigador-predoctoral-amb-destinacio-al-departament-de-telecomunicacio-i-enginyeria-de-sistemes-universitat-autonoma-de-barcelona-uab,Termini obert,20260327O69,2026DILIFRUA43,26/04/2026,Concurs o valoració de mèrits,Laboral temporal,A1 - Grau universitari (correspondència amb llicenciatures),"Grau i màster relacionat amb informàtica, matemàtiques, estadística o transport",,"Informàtica, Recerca / Laboratori",https://tauler.seu-e.cat/inici?idEns=11,https://seleccio.uab.cat/seleccio/login/auth,,,
1 plaça d'European Health Projects Specialist - Project Manager (Childhood cancer and blood disorders),https://cido.diba.cat/oposicions/21323004/1-placa-deuropean-health-projects-specialist-project-manager-childhood-cancer-and-blood-disorders-fundacio-hospital-universitari-vall-dhebron-institut-de-recerca-huvh-ir,Termini obert,20260326O44,,09/04/2026,Concurs o valoració de mèrits,Laboral temporal,A - Grau universitari,"Grau en ciències, com ara Biologia, Bioinformàtica, Biotecnologia o Farmàcia",Anglès,"Biologia, Farmàcia, Informàtica, Recerca / Laboratori",https://vhir.vallhebron.com/ca/talent/ofertes-de-feina,https://jobs.vhir.org/en-GB/jobs/internal/1e9b06ef-d511-48c2-a3a8-c3ecb38a6293,,,
1 plaça de Predoctoral Position (PhD Student),https://cido.diba.cat/oposicions/21324841/1-placa-de-predoctoral-position-phd-student-institut-dinvestigacio-oncologica-de-vall-dhebron-vhio,Termini obert,20260326O95,2026-026-01,01/05/2026,Concurs o valoració de mèrits,Laboral temporal,A - Grau universitari,"Grau o Màster en bioinformàtica, matemàtiques, ciències biològiques o un camp relacionat",Anglès,"Administració especial sense especificar, Biologia, Informàtica, Recerca / Laboratori",https://jobs.vhio.net/jobs,https://jobs.vhio.net/en/jobs/7469321-2026-026-01-predoctoral-position-phd-student,,,
1 plaça de Tècnic de Màrqueting SEO/GEO Specialist,https://cido.diba.cat/oposicions/21324748/1-placa-de-tecnic-de-marqueting-seogeo-specialist-universitat-oberta-de-catalunya-uoc,Termini obert,20260326O89,,09/04/2026,Concurs o valoració de mèrits,Laboral temporal,A1 - Grau universitari (correspondència amb llicenciatures),Vegeu les bases,,"Comunicació, Noves tecnologies, Relacions públiques / Publicitat",https://selection.uoc.edu/web/offersjob/offers.aspx?y=PP#302e2b50ab556b5c8622add3e8a1b1c1,https://selection.uoc.edu/web/profile/login.aspx,,,
1 plaça d'Especialista en Optimització de Continguts i IA,https://cido.diba.cat/oposicions/21324730/1-placa-despecialista-en-optimitzacio-de-continguts-i-ia-universitat-oberta-de-catalunya-uoc,Termini obert,20260326O87,,07/04/2026,Concurs o valoració de mèrits,Laboral temporal,A1 - Grau universitari (correspondència amb llicenciatures),Vegeu les bases,,"Comunicació, Enginyeria de telecomunicacions, Noves tecnologies, Relacions públiques / Publicitat",https://selection.uoc.edu/web/offersjob/offers.aspx?y=PP#302e2b50ab556b5c8622add3e8a1b1c1,https://selection.uoc.edu/web/profile/login.aspx,,,
Borsa de treball de places de Tècnic d'informàtica,https://cido.diba.cat/oposicions/21306062/borsa-de-treball-de-places-de-tecnic-dinformatica-ajuntament-desplugues-de-llobregat,Pendent de termini,20260325O2,,El termini s'obrirà l'endemà de la publicació de la convocatòria al DOGC i serà de 10 dies hàbils,Concurs o valoració de mèrits,Interí o temporal,"C1 - Batxillerat, FP 2n grau, cicles formatius grau superior",Cicle formatiu grau superior de sistemes microinformàtics i xarxes,Nivell C1 de català,Informàtica,https://www.esplugues.cat/oferta-publica-ocupacio/,https://esplugues.convoca.online/,,,
Borsa de treball de places de Tècnic informàtic de sistemes,https://cido.diba.cat/oposicions/21306057/borsa-de-treball-de-places-de-tecnic-informatic-de-sistemes-ajuntament-desplugues-de-llobregat,Pendent de termini,20260325O1,,El termini s'obrirà l'endemà de la publicació de la convocatòria al DOGC i serà de 10 dies hàbils,Concurs o valoració de mèrits,Interí o temporal,A1 - Grau universitari (correspondència amb llicenciatures),Titulació universitària en Enginyeria Informàtica,Nivell C1 de català,"Enginyeria sense especificar, Informàtica",https://www.esplugues.cat/oferta-publica-ocupacio/,https://esplugues.convoca.online/,,,
1 plaça de Tècnic mitjà de suport a la recerca (G3) pel grup Imatge dels trastorns relacionats amb l'estat d'ànim i l'ansietat (IMARD),https://cido.diba.cat/oposicions/21317567/1-placa-de-tecnic-mitja-de-suport-a-la-recerca-g3-pel-grup-imatge-dels-trastorns-relacionats-amb-lestat-danim-i-lansietat-imard-fundacio-de-recerca-clinic-barcelona-institut-dinvestigacions-biomediques-august-pi-i-sunyer,Termini obert,20260325O125,FU-111/2026,08/04/2026,Concurs o valoració de mèrits,Laboral temporal,A - Grau universitari,Grau en Bioinformàtica o similar,"Català, castellà i anglès","Biologia, Informàtica, Recerca / Laboratori",https://www.clinicbarcelona.org/ca/idibaps/trabajar-idibaps/ofertes-de-treball,FCRBRRHH@recerca.clinic.cat,,,
1 plaça de Responsable de digitalització ambiental i energètica,https://cido.diba.cat/oposicions/21315283/1-placa-de-responsable-de-digitalitzacio-ambiental-i-energetica-ministerio-de-transportes-y-movilidad-sostenible-autoridad-portuaria-de-barcelona,Termini obert,20260325O64,,24/04/2026 12:00 h,Concurs oposició o valoració de mèrits i prova,Laboral,A - Grau universitari,Vegeu les bases,Nivell C de  català / Nivell B1 d'anglès / Domini de la llengua espanyola / Permís de conduir B,"Enginyeria de telecomunicacions, Enginyeria industrial, Geografia, Geologia, Medi ambient, Noves tecnologies",https://seleccio.portdebarcelona.cat/web/seleccio/llistat-ofertes,https://seleccio.portdebarcelona.cat/ca/web/seleccio/responsable-de-digitalitzacio-ambiental-i-energetica,,,
1 plaça de Tècnic superior de suport / Senior support technician,https://cido.diba.cat/oposicions/21318622/1-placa-de-tecnic-superior-de-suport-senior-support-technician-universitat-pompeu-fabra-upf,Termini obert,20260325O137,ENG-PSR-D.DET-2026-14,27/04/2026,Concurs o valoració de mèrits,Laboral temporal,A - Grau universitari,"Grau en Enginyeria Informàtica, Matemàtiques, Telecomunicacions o camps afins",,"Administració especial sense especificar, Enginyeria de telecomunicacions, Enginyeria sense especificar, Informàtica, Recerca / Laboratori",https://www.upf.edu/web/enginyeria/convocatories-psr,http://recerca.enginyeria@upf.edu,,,
1 plaça de Head of the Machine Learning for Biomedical Research unit (R4),https://cido.diba.cat/oposicions/21310585/1-placa-de-head-of-the-machine-learning-for-biomedical-research-unit-r4-barcelona-supercomputing-center-centro-nacional-de-supercomputacion-bsc-cns,Termini obert,20260323O133,147_26_LS_MLBR_R4,07/04/2026,Concurs o valoració de mèrits,Laboral temporal,A1 - Grau universitari (correspondència amb llicenciatures),"Doctorat en Bioinformàtica, Informàtica, Enginyeria Biomèdica, Física o similar",Anglès,"Biologia, Informàtica, Recerca / Laboratori, Sanitat / Medicina",https://www.bsc.es/ca/join-us/job-opportunities,https://www.bsc.es/ca/join-us/job-opportunities/14726lsmlbrr4,,,
1 plaça de HPC Workflows Engineer (RE1-RE2),https://cido.diba.cat/oposicions/21310589/1-placa-de-hpc-workflows-engineer-re1-re2-barcelona-supercomputing-center-centro-nacional-de-supercomputacion-bsc-cns,Termini obert,20260323O134,148_26_ES_CES_RE2,24/04/2026,Concurs o valoració de mèrits,Laboral temporal,A - Grau universitari,"Grau en Informàtica, Física o una disciplina relacionada",,"Física, Informàtica, Recerca / Laboratori",https://www.bsc.es/ca/join-us/job-opportunities,https://www.bsc.es/ca/join-us/job-opportunities/14826escesre2,,,
1 plaça de Master student for audio visual processing and visualization (R0),https://cido.diba.cat/oposicions/21310597/1-placa-de-master-student-for-audio-visual-processing-and-visualization-r0-barcelona-supercomputing-center-centro-nacional-de-supercomputacion-bsc-cns,Termini obert,20260323O136,150_26_CASE_DPPP_R0,08/04/2026,Concurs o valoració de mèrits,Laboral temporal,A1 - Grau universitari (correspondència amb llicenciatures),"Grau en Enginyeria Audiovisual, Enginyeria del Programari o estudis similars",Matriculat en un màster universitari oficial en Enginyeria Audiovisual o estudis similars / Anglès,"Administració especial sense especificar, Enginyeria sense especificar, Imatge i so, Noves tecnologies, Recerca / Laboratori",https://www.bsc.es/ca/join-us/job-opportunities,https://www.bsc.es/ca/join-us/job-opportunities/15026casedpppr0,,,
1 plaça de Postdoctoral Researcher AI for Climate Prediction and Attribution (R2),https://cido.diba.cat/oposicions/21310593/1-placa-de-postdoctoral-researcher-ai-for-climate-prediction-and-attribution-r2-barcelona-supercomputing-center-centro-nacional-de-supercomputacion-bsc-cns,Termini obert,20260323O135,149_26_ES_CVC_R2,07/04/2026,Concurs o valoració de mèrits,Laboral temporal,A1 - Grau universitari (correspondència amb llicenciatures),"Doctorat en ciències atmosfèriques o del clima, física, ciència de dades, matemàtiques aplicades o una disciplina relacionada",Anglès,"Administració especial sense especificar, Física, Medi ambient, Noves tecnologies, Recerca / Laboratori",https://www.bsc.es/ca/join-us/job-opportunities,https://www.bsc.es/ca/join-us/job-opportunities/14926escvcr2,,,
1 plaça de Formador en pràctiques de comunicació (Heidelberg),https://cido.diba.cat/oposicions/21309218/1-placa-de-formador-en-practiques-de-comunicacio-heidelberg-consorci-parc-de-recerca-biomedica-de-barcelona-prbb-european-molecular-biology-laboratory-embl,Termini obert,20260324O88,JR3527,21/04/2026,Concurs o valoració de mèrits,Laboral temporal,A1 - Grau universitari (correspondència amb llicenciatures),Vegeu les bases,Excel·lents habilitats d'escriptura i comunicació en anglès,"Comunicació, Noves tecnologies",https://www.embl.org/careers/?l=barcelona,https://embl.wd103.myworkdayjobs.com/en-US/EMBL/job/Heidelberg/Communications-Trainee_JR3527/apply?l=barcelona,,,
1 plaça de Clinical Trials Technician (Diabetes and Metabolism),https://cido.diba.cat/oposicions/21310252/1-placa-de-clinical-trials-technician-diabetes-and-metabolism-fundacio-hospital-universitari-vall-dhebron-institut-de-recerca-huvh-ir,Termini obert,20260324O119,,07/04/2026,Concurs o valoració de mèrits,Laboral temporal,A1 - Grau universitari (correspondència amb llicenciatures),Vegeu les bases,"Domini del català, castellà i anglès (nivell empresarial)","Administració especial sense especificar, Noves tecnologies, Recerca / Laboratori, Sanitat / Medicina",https://vhir.vallhebron.com/ca/talent/ofertes-de-feina,https://jobs.vhir.org/en-GB/jobs/internal/317d89b3-2680-4c77-9d46-2af44c1b2a66,Jornada parcial: 10 hores setmanals,,
1 plaça de Laboratory - Quality Manager (Rheumatology),https://cido.diba.cat/oposicions/21310238/1-placa-de-laboratory-quality-manager-rheumatology-fundacio-hospital-universitari-vall-dhebron-institut-de-recerca-huvh-ir,Termini obert,20260324O118,,07/04/2026,Concurs o valoració de mèrits,Laboral temporal,A1 - Grau universitari (correspondència amb llicenciatures),"Doctorat en Ciències Biomèdiques, Biotecnologia, Ciències de la Vida o un camp relacionat","Domini sòlid de l'anglès, el català i el castellà, tant escrit com parlat","Biologia, Noves tecnologies, Recerca / Laboratori, Sanitat / Medicina",https://vhir.vallhebron.com/ca/talent/ofertes-de-feina,https://jobs.vhir.org/en-GB/jobs/internal/cb26cc41-0daf-4e18-bf92-1b3b491d7dd5,,,
1 plaça de Responsable de compra de serveis i inversions,https://cido.diba.cat/oposicions/21309443/1-placa-de-responsable-de-compra-de-serveis-i-inversions-generalitat-de-catalunya-institut-catala-de-la-salut-ics,Termini obert,20260324O95,LS-9/2026,09/04/2026,Concurs oposició o valoració de mèrits i prova,Interí o temporal,A - Grau universitari,"Llicenciatura, grau universitari, diplomatura o equivalent, preferentment en economia, empresarials, enginyeries i informàtica",Nivell C1 de català,"Administració especial sense especificar, Comerç / Empresa, Economia, Enginyeria sense especificar, Informàtica. Noves tecnologies",https://catsalut.gencat.cat/ca/coneix-catsalut/presentacio/organitzacio/recursos-humans/ofertes-treball/,seleccio.ics@gencat.cat,,,
1 plaça de Reliability Engineer - ASIC-Integrated Thin-Film Devices,https://cido.diba.cat/oposicions/21318127/1-placa-de-reliability-engineer-asic-integrated-thin-film-devices-institut-catala-de-nanociencia-i-nanotecnologia-icn2,Termini obert,20260324O131,827,"24/04/2026 - Data orientativa; si teniu algun dubte, consulteu l'ens convocant / Obert fins a trobar la persona candidata adequada",Concurs o valoració de mèrits,Laboral temporal,A1 - Grau universitari (correspondència amb llicenciatures),"Doctorat recentment completat en Ciència de Materials, Enginyeria Biomèdica, Enginyeria Elèctrica, Micro/Nanotecnologia, Microsistemes, Bioelectrònica, Enginyeria Neural o una disciplina relacionada",,"Biologia, Enginyeria sense especificar, Física, Noves tecnologies",https://jobs.icn2.cat/,https://jobs.icn2.cat/job-openings/apply-form/827/reliability-engineer-asic-integrated-thin-film-devices,,,
1 plaça d'Investigador predoctoral en el Departament de Matemàtiques i Informàtica (projecte AIA2025-163919-C51 EXPLORA),https://cido.diba.cat/oposicions/21307685/1-placa-dinvestigador-predoctoral-en-el-departament-de-matematiques-i-informatica-projecte-aia2025-163919-c51-explora-universitat-de-barcelona-ub,Termini obert,20260324O78,PRE23524032026,10/04/2026,Concurs o valoració de mèrits,Laboral temporal,A1 - Grau universitari (correspondència amb llicenciatures),Vegeu les bases,,"Administració especial sense especificar, Noves tecnologies, Recerca / Laboratori",https://seu.ub.edu/taulerAnuncisPublic/listPublicacions,http://www.ub.edu/caiac/solBeca?idConvocatoria=50453,,25/03/2026,
1 plaça de Professor doctor en Estadística (R2/R3),https://cido.diba.cat/oposicions/21311054/1-placa-de-professor-doctor-en-estadistica-r2r3-universitat-internacional-de-catalunya-uic,Termini obert,20260323O140,124104370,30/04/2026,Concurs o valoració de mèrits,Laboral temporal,A1 - Grau universitari (correspondència amb llicenciatures),"Doctorat en Informàtica, Matemàtiques o àrees afins",Experiència demostrable en docència universitària en anglès i espanyol,"Administració especial sense especificar, Ensenyament universitari, Informàtica",https://www.uic.es/ca/universitat/uic-barcelona/treballa-uic-barcelona/personal-docent-i-investigador,https://uic.talentclue.com/es/node/add/cv/job/124104370/company/2722078/4590/modal?clicked_button=apply_manually,,,
"1 plaça de Professor doctor en Informàtica, Matemàtiques o àrea afí (R2/R3)",https://cido.diba.cat/oposicions/21311050/1-placa-de-professor-doctor-en-informatica-matematiques-o-area-afi-r2r3-universitat-internacional-de-catalunya-uic,Termini obert,20260323O139,124103650,30/04/2026,Concurs o valoració de mèrits,Laboral temporal,A1 - Grau universitari (correspondència amb llicenciatures),"Doctorat en Informàtica, Matemàtiques o àrees afins",,"Administració especial sense especificar, Ensenyament universitari, Informàtica",https://www.uic.es/ca/universitat/uic-barcelona/treballa-uic-barcelona/personal-docent-i-investigador,https://uic.talentclue.com/es/node/add/cv/job/124103650/company/2722078/4590/modal?clicked_button=apply_manually,,,
1 plaça d'Arquitecte de la informació,https://cido.diba.cat/oposicions/21309568/1-placa-darquitecte-de-la-informacio-universitat-oberta-de-catalunya-uoc,Termini obert,20260324O102,,07/04/2026,Concurs o valoració de mèrits,Laboral,A1 - Grau universitari (correspondència amb llicenciatures),Vegeu les bases,,"Administració especial sense especificar, Enginyeria sense especificar, Noves tecnologies",https://selection.uoc.edu/web/offersjob/offers.aspx?y=PP#302e2b50ab556b5c8622add3e8a1b1c1,https://selection.uoc.edu/web/profile/login.aspx,,,
1 plaça de Responsable de continguts digitals de captació,https://cido.diba.cat/oposicions/21309579/1-placa-de-responsable-de-continguts-digitals-de-captacio-universitat-oberta-de-catalunya-uoc,Termini obert,20260324O104,,07/04/2026,Concurs o valoració de mèrits,Laboral,A1 - Grau universitari (correspondència amb llicenciatures),Vegeu les bases,,"Comunicació, Noves tecnologies, Relacions públiques / Publicitat",https://selection.uoc.edu/web/offersjob/offers.aspx?y=PP#302e2b50ab556b5c8622add3e8a1b1c1,https://selection.uoc.edu/web/profile/login.aspx,,,
1 plaça de Responsable de producció de continguts digitals,https://cido.diba.cat/oposicions/21309635/1-placa-de-responsable-de-produccio-de-continguts-digitals-universitat-oberta-de-catalunya-uoc,Termini obert,20260324O108,,07/04/2026,Concurs o valoració de mèrits,Laboral,A1 - Grau universitari (correspondència amb llicenciatures),Vegeu les bases,,"Comunicació, Noves tecnologies, Relacions públiques / Publicitat",https://selection.uoc.edu/web/offersjob/offers.aspx?y=PP#302e2b50ab556b5c8622add3e8a1b1c1,https://selection.uoc.edu/web/profile/login.aspx,,,
1 plaça de Research Support Staff in Database and Geographic Information Systems (ERC-DIVERSE project),https://cido.diba.cat/oposicions/21311617/1-placa-de-research-support-staff-in-database-and-geographic-information-systems-erc-diverse-project-universitat-pompeu-fabra-upf,Termini obert,20260324O127,CPIS-PSR-2026-01,12/04/2026,Concurs o valoració de mèrits,Laboral temporal,A1 - Grau universitari (correspondència amb llicenciatures),Vegeu les bases,,"Ciències polítiques, Informàtica, Medi ambient, Recerca / Laboratori",https://www.upf.edu/web/politiques/ofertes-de-treball,https://apply.interfolio.com/181553,,,
1 plaça d'Analista de Dades adscrit a l'Àrea d'Innovació i Transformació,https://cido.diba.cat/oposicions/21300246/1-plaaa-danalista-de-dades-adscrit-a-larea-dinnovacia-i-transformacia-ajuntament-de-calafell-calafell-empresa-municipal-de-serveis-sa-cemssa,Termini obert,20260323O71,2026/0323,19/04/2026,Concurs o valoració de mèrits,Laboral temporal,A1 - Grau universitari (correspondència amb llicenciatures),"Titulació universitària de grau o equivalent en Enginyeria Informàtica, Matemàtiques, Ciències de Dades, Estadística o Enginyeria Geomàtica",Nivell C1 de català,"Enginyeria sense especificar, Informàtica. Noves tecnologies",https://cemssa.cat/category/ofertes-treball/,convocatoria@cemssa.cat,,,
1 plaça de Director de Tecnologia,https://cido.diba.cat/oposicions/21300236/1-placa-de-director-de-tecnologia-ajuntament-de-calafell-calafell-empresa-municipal-de-serveis-sa-cemssa,Termini obert,20260323O69,2026/0323,19/04/2026,Concurs o valoració de mèrits,Laboral temporal,A1 - Grau universitari (correspondència amb llicenciatures),"Titulació universitària de grau o equivalent en Enginyeria Informàtica, de Telecomunicacions, Sistemes o Tecnologies de la Informació",Nivell C1 de català,"Enginyeria de telecomunicacions, Enginyeria sense especificar, Informàtica. Noves tecnologies",https://cemssa.cat/category/ofertes-treball/,convocatoria@cemssa.cat,,,
1 plaça de Director dels Sistemes d'Informació,https://cido.diba.cat/oposicions/21300223/1-placa-de-director-dels-sistemes-dinformacio-ajuntament-de-calafell-calafell-empresa-municipal-de-serveis-sa-cemssa,Termini obert,20260323O68,2026/0323,19/04/2026,Concurs o valoració de mèrits,Laboral temporal,A1 - Grau universitari (correspondència amb llicenciatures),"Titulació universitària de grau o equivalent en Enginyeria Informàtica, de Telecomunicacions, Sistemes o Tecnologies de la Informació",Nivell C1 de català,"Enginyeria de telecomunicacions, Enginyeria sense especificar, Informàtica. Noves tecnologies",https://cemssa.cat/category/ofertes-treball/,convocatoria@cemssa.cat,,,
1 plaça de Tècnic Informàtic de manteniment Web,https://cido.diba.cat/oposicions/21300241/1-placa-de-tecnic-informatic-de-manteniment-web-ajuntament-de-calafell-calafell-empresa-municipal-de-serveis-sa-cemssa,Termini obert,20260323O70,2026/0323,19/04/2026,Concurs o valoració de mèrits,Laboral temporal,"C1 - Batxillerat, FP 2n grau, cicles formatius grau superior",Vegeu les bases,Nivell C1 de català,"Enginyeria sense especificar, Informàtica. Noves tecnologies",https://cemssa.cat/category/ofertes-treball/,convocatoria@cemssa.cat,,,
Borsa de treball de places de Coordinador d'informàtica,https://cido.diba.cat/oposicions/21292925/borsa-de-treball-de-places-de-coordinador-dinformatica-ajuntament-de-castellar-del-valles,Termini obert,20260323O23,1461-2026/341,22/04/2026,Concurs oposició o valoració de mèrits i prova,Interí o temporal,A1 - Grau universitari (correspondència amb llicenciatures),"Grau, Llicenciatura o Enginyeria, de l'àmbit de la Tecnologia, la Informàtica i/o les Telecomunicacions",Nivell C1 de català,"Enginyeria de telecomunicacions, Informàtica, Noves tecnologies",https://seu.castellarvalles.cat/34143/ofertesPubliques/,,,,
1 plaça d'AI software software engineer - AIXPERT/GRAIL projects (RE1),https://cido.diba.cat/oposicions/21310550/1-placa-dai-software-software-engineer-aixpertgrail-projects-re1-barcelona-supercomputing-center-centro-nacional-de-supercomputacion-bsc-cns,Termini obert,20260323O126,110_26_AII_SMART_RE1,30/04/2026,Concurs o valoració de mèrits,Laboral temporal,A - Grau universitari,"Grau universitari o equivalent (es prefereix un grau en Intel·ligència Artificial o Informàtica), o a punt de finalitzar-lo",Anglès,"Noves tecnologies, Recerca / Laboratori",https://www.bsc.es/ca/join-us/job-opportunities,https://www.bsc.es/ca/join-us/job-opportunities/11026aiismartre1,,,
1 plaça de LLVM Software Engineer (RE2),https://cido.diba.cat/oposicions/21310565/1-placa-de-llvm-software-engineer-re2-barcelona-supercomputing-center-centro-nacional-de-supercomputacion-bsc-cns,Termini obert,20260323O128,145_26_CS_CTHPC_RE2,07/04/2026,Concurs o valoració de mèrits,Laboral temporal,A1 - Grau universitari (correspondència amb llicenciatures),Grau o màster en Informàtica,,"Informàtica, Recerca / Laboratori",https://www.bsc.es/ca/join-us/job-opportunities,https://www.bsc.es/ca/join-us/job-opportunities/14526cscthpcre2,,,
1 plaça de Master Student on AI generative modelling (R0),https://cido.diba.cat/oposicions/21310581/1-placa-de-master-student-on-ai-generative-modelling-r0-barcelona-supercomputing-center-centro-nacional-de-supercomputacion-bsc-cns,Termini obert,20260323O132,141_26_LS_EAPM_R0,06/04/2026,Concurs o valoració de mèrits,Laboral temporal,A - Grau universitari,"Grau en Física, Matemàtiques, Enginyeria Informàtica o una disciplina relacionada",,"Administració especial sense especificar, Enginyeria sense especificar, Física, Informàtica, Recerca / Laboratori",https://www.bsc.es/ca/join-us/job-opportunities,https://www.bsc.es/ca/join-us/fellowships/14126lseapmr0,,,
1 plaça de Master Student on UPO Engineering (R0),https://cido.diba.cat/oposicions/21310577/1-placa-de-master-student-on-upo-engineering-r0-barcelona-supercomputing-center-centro-nacional-de-supercomputacion-bsc-cns,Termini obert,20260323O131,142_26_LS_EAPM_R,06/04/2026,Concurs o valoració de mèrits,Laboral temporal,A - Grau universitari,"Grau en Física, Matemàtiques, Enginyeria Informàtica o una disciplina relacionada",Anglès,"Administració especial sense especificar, Enginyeria sense especificar, Física, Informàtica, Recerca / Laboratori",https://www.bsc.es/ca/join-us/job-opportunities,https://www.bsc.es/ca/join-us/fellowships/14226lseapmr0,,,
1 plaça de Postdoctoral Researcher in Computational Biology Systems (R2),https://cido.diba.cat/oposicions/21310569/1-placa-de-postdoctoral-researcher-in-computational-biology-systems-r2-barcelona-supercomputing-center-centro-nacional-de-supercomputacion-bsc-cns,Termini obert,20260323O129,138_26_LS_CB_R2,"05/04/2026 - Data orientativa; si teniu algun dubte, consulteu l'ens convocant",Concurs o valoració de mèrits,Laboral temporal,A1 - Grau universitari (correspondència amb llicenciatures),"Doctorat en Informàtica, Bioinformàtica, Biologia o una temàtica similar, amb una sòlida trajectòria en biologia computacional",,"Biologia, Informàtica, Recerca / Laboratori",https://www.bsc.es/ca/join-us/job-opportunities,https://www.bsc.es/ca/join-us/job-opportunities/11026aiismartre1,,,
1 plaça de Research Engineer - Operational air quality forecast (RE1),https://cido.diba.cat/oposicions/21310561/1-placa-de-research-engineer-operational-air-quality-forecast-re1-barcelona-supercomputing-center-centro-nacional-de-supercomputacion-bsc-cns,Termini obert,20260323O127,143_26_ES_CES_RE1,24/04/2026,Concurs o valoració de mèrits,Laboral temporal,A - Grau universitari,"Grau en Meteorologia, Física, Informàtica, Matemàtiques o una disciplina relacionada",,"Administració especial sense especificar, Física, Informàtica, Recerca / Laboratori",https://www.bsc.es/ca/join-us/job-opportunities,https://www.bsc.es/ca/join-us/job-opportunities/14326escesre1,,,
1 plaça de Llicenciat de Suport Recerca (G3) at the Computational Cancer Biomedicine group,https://cido.diba.cat/oposicions/21265386/1-placa-de-llicenciat-de-suport-recerca-g3-at-the-computational-cancer-biomedicine-group-fundacio-de-recerca-clinic-barcelona-institut-dinvestigacions-biomediques-august-pi-i-sunyer,Termini obert,20260313O146,FU-98/2026,05/04/2026 - Termini anterior: 29/03/2026,Concurs o valoració de mèrits,Laboral temporal,A1 - Grau universitari (correspondència amb llicenciatures),"Grau i Màster en Informàtica, Biotecnologia, Ciència de Dades, Bioinformàtica, Física, Química o similar",,"Biologia, Física, Informàtica, Química, Recerca / Laboratori",https://www.clinicbarcelona.org/ca/idibaps/trabajar-idibaps/ofertes-de-treball?,FCRBRRHH@recerca.clinic.cat,,,
"1 plaça d'Ajudant de recerca pel projecte ""Anàlisi d'imatge retinal per a la diagnosi de patologies"" del grup de recerca AIWELL",https://cido.diba.cat/oposicions/21293694/1-placa-dajudant-de-recerca-pel-projecte-analisi-dimatge-retinal-per-a-la-diagnosi-de-patologies-del-grup-de-recerca-aiwell-universitat-oberta-de-catalunya-uoc,Termini obert,20260321O1,,08/04/2026,Concurs o valoració de mèrits,Laboral temporal,A1 - Grau universitari (correspondència amb llicenciatures),"Titulació universitària de Grau en Enginyeria Informàtica, Intel·ligència Artificial, Enginyeria de Telecomunicació o una disciplina equivalent",Nivell alt d'anglès parlat i escrit,"Enginyeria de telecomunicacions, Enginyeria sense especificar, Informàtica. Noves tecnologies, Recerca / Laboratori",https://tauler.seu-e.cat/inici?idEns=18,,,,
2 places de Tècnic SAU TIC (Servei d'Atenció a l'Usuari Helpdesk),https://cido.diba.cat/oposicions/21294180/2-places-de-tecnic-sau-tic-servei-datencio-a-lusuari-helpdesk-generalitat-de-catalunya-institut-dassistencia-sanitaria-ias,Termini obert,20260320O142,2026/1010,14/04/2026,Concurs o valoració de mèrits,Laboral,"C2 - ESO, graduat escolar, FP 1r grau, cicles formatius grau mitjà",Vegeu les bases,,Informàtica. Noves tecnologies,https://www.ias.cat/ca/contingut/iasgirona/treballarIAS,rrhhseleccio.ias@gencat.cat,,,
1 plaça de Coordinador de gestió de dades,https://cido.diba.cat/oposicions/21294717/1-placa-de-coordinador-de-gestio-de-dades-generalitat-de-catalunya-parc-sanitari-pere-i-virgili-pspv,Termini obert,20260320O163,COORDANALISIDADES17_2026,"20/04/2026 - Data orientativa; si teniu algun dubte, consulteu l'ens convocant / Obert fins a trobar la persona candidata adequada",Concurs o valoració de mèrits,Laboral temporal,A1 - Grau universitari (correspondència amb llicenciatures),"Llicenciatura i/o Grau de la branca de les ciències de la salut, ciències de la computació, física, bioinformàtica, enginyeria, matemàtiques o l'estadística",,"Enginyeria sense especificar, Física, Informàtica. Noves tecnologies",https://parcsanitari-perevirgili.talentclue.com/ca/parc-sanitari-pere-virgili,https://parcsanitari-perevirgili.talentclue.com/ca/node/add/cv/job/121213208/company/102193130/4590?clicked_button=apply_manually,,,
1 plaça de Software Engineer for Digital Health Education Development,https://cido.diba.cat/oposicions/21303406/1-placa-de-software-engineer-for-digital-health-education-development-institut-dinvestigacio-biomedica-de-bellvitge-idibell,Termini obert,20260320O205,26-029_SS_MR,03/04/2026 23:59 h,Concurs o valoració de mèrits,Laboral temporal,A - Grau universitari,"Grau en Enginyeria Informàtica, Enginyeria de Programari, Enginyeria Biomèdica o àrees relacionades","Català, castellà i anglès","Biologia, Enginyeria sense especificar, Informàtica, Noves tecnologies, Recerca / Laboratori, Sanitat / Medicina",https://idibell.fundanetsuite.com/convocatoriaspropias/es/Convocatorias/DetalleTipoConvocatoria/OE,https://idibell.fundanetsuite.com/convocatoriaspropias/es/Convocatorias/VerConvocatoria/1941,,,
1 plaça de Coordinador de Sistemes IT,https://cido.diba.cat/oposicions/21308795/1-placa-de-coordinador-de-sistemes-it-institut-dinvestigacio-oncologica-de-vall-dhebron-vhio,Termini obert,20260320O208,2026-024-01,20/04/2026,Concurs o valoració de mèrits,Laboral temporal,"C1 - Batxillerat, FP 2n grau, cicles formatius grau superior","FP Superior en IT o Grau en Enginyeria Informàtica, de Sistemes, Telecomunicacions o similar",Català i castellà,"Enginyeria de telecomunicacions, Enginyeria sense especificar, Informàtica, Recerca / Laboratori",https://jobs.vhio.net/jobs,https://jobs.vhio.net/jobs/7446021-2026-024-01-coordinador-a-de-sistemes-it,,,
"Borsa de treball de places de Professor substitut al Departament d'Arquitectura de Computadors i Sistemes Operatius, curs 2026-2027",https://cido.diba.cat/oposicions/21310227/borsa-de-treball-de-places-de-professor-substitut-al-departament-darquitectura-de-computadors-i-sistemes-operatius-curs-2026-2027-universitat-autonoma-de-barcelona-uab,Termini obert,20260320O284,2026/D/LE/CC/1,08/04/2026 23:59 h - Termini segons el web de l'ens convocant,Concurs o valoració de mèrits,Laboral temporal,A - Grau universitari,Vegeu les bases,Nivell C1 de català,"Administració especial sense especificar, Ensenyament universitari, Informàtica",https://www.uab.cat/web/personal-uab/personal-uab/personal-academic-i-investigador/convocatories-de-concursos-de-professorat-temporal-1345702153720.html,https://sso.uab.cat/cas/login?service=https%3A%2F%2Fseleccio.uab.cat%2Fseleccio%2Flogin%2Fcas,,,
"Borsa de treball de places de Professor substitut de la disciplina Bioinformàtica en Ciències de la Salut al Departament de Pediatria, Obstetrícia i Ginecologia i de Medicina Preventiva i Salut Pública, curs 2026-2027",https://cido.diba.cat/oposicions/21326804/borsa-de-treball-de-places-de-professor-substitut-de-la-disciplina-bioinformatica-en-ciencies-de-la-salut-al-departament-de-pediatria-obstetricia-i-ginecologia-i-de-medicina-preventiva-i-salut-publica-curs-2026-2027-universitat-autonoma-de-barcelona-uab,Termini obert,20260320O347,2026/D/LE/CC/1,08/04/2026 23:59 h - Termini segons el web de l'ens convocant,Concurs o valoració de mèrits,Laboral temporal,A - Grau universitari,Vegeu les bases,Nivell C1 de català,"Biologia, Ensenyament universitari, Informàtica, Sanitat / Medicina",https://www.uab.cat/web/personal-uab/personal-uab/personal-academic-i-investigador/convocatories-de-concursos-de-professorat-temporal-1345702153720.html,https://sso.uab.cat/cas/login?service=https%3A%2F%2Fseleccio.uab.cat%2Fseleccio%2Flogin%2Fcas,,,
"Borsa de treball de places de Professor substitut de la disciplina de Bioinformàtica i Genòmica Microbiana al Departament de Genètica i de Microbiologia, curs 2026-2027",https://cido.diba.cat/oposicions/21327073/borsa-de-treball-de-places-de-professor-substitut-de-la-disciplina-de-bioinformatica-i-genomica-microbiana-al-departament-de-genetica-i-de-microbiologia-curs-2026-2027-universitat-autonoma-de-barcelona-uab,Termini obert,20260320O367,2026/D/LE/CC/1,08/04/2026 23:59 h - Termini segons el web de l'ens convocant,Concurs o valoració de mèrits,Laboral temporal,A - Grau universitari,Vegeu les bases,Nivell C1 de català,"Administració especial sense especificar, Biologia, Ensenyament universitari, Informàtica",https://www.uab.cat/web/personal-uab/personal-uab/personal-academic-i-investigador/convocatories-de-concursos-de-professorat-temporal-1345702153720.html,https://sso.uab.cat/cas/login?service=https%3A%2F%2Fseleccio.uab.cat%2Fseleccio%2Flogin%2Fcas,,,
"Borsa de treball de places de Professor substitut de la disciplina d'Enginyeria de software al Departament de Ciències de la Computació, curs 2026-2027",https://cido.diba.cat/oposicions/21310082/borsa-de-treball-de-places-de-professor-substitut-de-la-disciplina-denginyeria-de-software-al-departament-de-ciencies-de-la-computacio-curs-2026-2027-universitat-autonoma-de-barcelona-uab,Termini obert,20260320O255,2026/D/LE/CC/1,08/04/2026 23:59 h - Termini segons el web de l'ens convocant,Concurs o valoració de mèrits,Laboral temporal,A - Grau universitari,Vegeu les bases,Nivell C1 de català,"Administració especial sense especificar, Ensenyament universitari, Noves tecnologies",https://www.uab.cat/web/personal-uab/personal-uab/personal-academic-i-investigador/convocatories-de-concursos-de-professorat-temporal-1345702153720.html,https://sso.uab.cat/cas/login?service=https%3A%2F%2Fseleccio.uab.cat%2Fseleccio%2Flogin%2Fcas,,,
"Borsa de treball de places de Professor substitut de la disciplina d'Intel·ligència Artificial al Departament de Ciències de la Computació, curs 2026-2027",https://cido.diba.cat/oposicions/21310087/borsa-de-treball-de-places-de-professor-substitut-de-la-disciplina-dintelligencia-artificial-al-departament-de-ciencies-de-la-computacio-curs-2026-2027-universitat-autonoma-de-barcelona-uab,Termini obert,20260320O256,2026/D/LE/CC/1,08/04/2026 23:59 h - Termini segons el web de l'ens convocant,Concurs o valoració de mèrits,Laboral temporal,A - Grau universitari,Vegeu les bases,Nivell C1 de català,"Administració especial sense especificar, Ensenyament universitari, Noves tecnologies",https://www.uab.cat/web/personal-uab/personal-uab/personal-academic-i-investigador/convocatories-de-concursos-de-professorat-temporal-1345702153720.html,https://sso.uab.cat/cas/login?service=https%3A%2F%2Fseleccio.uab.cat%2Fseleccio%2Flogin%2Fcas,,,
"Borsa de treball de places de Professor substitut de la disciplina Tecnologies al Departament de Traducció i d'Interpretació i d'Estudis de l'Àsia Oriental, curs 2026-2027",https://cido.diba.cat/oposicions/21326202/borsa-de-treball-de-places-de-professor-substitut-de-la-disciplina-tecnologies-al-departament-de-traduccia-i-dinterpretacia-i-destudis-de-lasia-oriental-curs-2026-2027-universitat-autanoma-de-barcelona-uab,Termini obert,20260320O315,2026/D/LE/CC/1,08/04/2026 23:59 h - Termini segons el web de l'ens convocant,Concurs o valoració de mèrits,Laboral temporal,A - Grau universitari,Vegeu les bases,Nivell C1 de català,"Ensenyament universitari, Noves tecnologies",https://www.uab.cat/web/personal-uab/personal-uab/personal-academic-i-investigador/convocatories-de-concursos-de-professorat-temporal-1345702153720.html,https://sso.uab.cat/cas/login?service=https%3A%2F%2Fseleccio.uab.cat%2Fseleccio%2Flogin%2Fcas,,,
1 plaça d'Analista de dades,https://cido.diba.cat/oposicions/21295660/1-placa-danalista-de-dades-universitat-oberta-de-catalunya-uoc,Termini obert,20260320O191,,06/04/2026,Concurs o valoració de mèrits,Laboral,A1 - Grau universitari (correspondència amb llicenciatures),"Formació acadèmica en Matemàtiques, Estadística, Ciència de Dades o camps relacionats",,"Administració especial sense especificar, Noves tecnologies, Recerca / Laboratori",https://selection.uoc.edu/web/offersjob/offers.aspx?y=PP,,,,
1 plaça de Tècnic de Grau Mitjà de Suport a la Recerca per a Arquitectura de computadors (30267010018),https://cido.diba.cat/oposicions/21295007/1-placa-de-tecnic-de-grau-mitja-de-suport-a-la-recerca-per-a-arquitectura-de-computadors-30267010018-universitat-politecnica-de-catalunya-upc,Termini obert,20260320O175,001_SP_UCT-2026-2173/11,06/04/2026,Concurs o valoració de mèrits,Laboral,A1 - Grau universitari (correspondència amb llicenciatures),Enginyeria informàtica,"Català, castellà i anglès parlats, llegits i escrits","Enginyeria sense especificar, Informàtica. Noves tecnologies",https://talenthub.upc.edu/ca/jobs-calls/ofertes-feina?set_language=ca,,,,
1 plaça de Tècnic de Grau Superior de Suport a la Recerca per a Ciències de la Computació (30267230008),https://cido.diba.cat/oposicions/21295004/1-placa-de-tecnic-de-grau-superior-de-suport-a-la-recerca-per-a-ciencies-de-la-computacio-30267230008-universitat-politecnica-de-catalunya-upc,Termini obert,20260320O174,001_SP_UCT-2026-2173/11,06/04/2026,Concurs o valoració de mèrits,Laboral,A1 - Grau universitari (correspondència amb llicenciatures),Enginyeria Informàtica,"Català, castellà i anglès parlats, llegits i escrits","Enginyeria sense especificar, Informàtica. Noves tecnologies",https://talenthub.upc.edu/ca/jobs-calls/ofertes-feina?set_language=ca,,,,
1 plaça de Tècnic de Grau Superior de Suport a la Recerca per a la Facultat d'Informàtica de Barcelona (30262700019),https://cido.diba.cat/oposicions/21295001/1-placa-de-tecnic-de-grau-superior-de-suport-a-la-recerca-per-a-la-facultat-dinformatica-de-barcelona-30262700019-universitat-politecnica-de-catalunya-upc,Termini obert,20260320O173,001_SP_UCT-2026-2173/11,06/04/2026,Concurs o valoració de mèrits,Laboral,A1 - Grau universitari (correspondència amb llicenciatures),Enginyeria Informàtica,"Català, castellà i anglès parlats, llegits i escrits","Enginyeria sense especificar, Informàtica. Noves tecnologies",https://talenthub.upc.edu/ca/jobs-calls/ofertes-feina?set_language=ca,,,,
1 plaça d'AI Software Research Engineer (RE2),https://cido.diba.cat/oposicions/21296016/1-placa-dai-software-research-engineer-re2-barcelona-supercomputing-center-centro-nacional-de-supercomputacion-bsc-cns,Termini obert,20260319O175,92_26_CASE_WP_RE2,30/04/2026,Concurs o valoració de mèrits,Laboral temporal,A1 - Grau universitari (correspondència amb llicenciatures),"Màster (MSc) o doctorat (PhD) en Informàtica, Aprenentatge Estadístic, IA, ML, Ciència de Dades o camps relacionats",,"Administració especial sense especificar, Informàtica, Noves tecnologies, Recerca / Laboratori",https://www.bsc.es/ca/uneix-te/oportunitats-de-feina,https://www.bsc.es/ca/join-us/job-opportunities/9226casewpre2,,,
1 plaça de Senior AI Software Research Engineer (RE3),https://cido.diba.cat/oposicions/21296026/1-placa-de-senior-ai-software-research-engineer-re3-barcelona-supercomputing-center-centro-nacional-de-supercomputacion-bsc-cns,Termini obert,20260319O176,94_26_CASE_WP_RE3,30/04/2026,Concurs o valoració de mèrits,Laboral temporal,A1 - Grau universitari (correspondència amb llicenciatures),"Màster (MSc) o doctorat (PhD) en Informàtica, Aprenentatge Estadístic, IA, ML, Ciència de Dades o camps relacionats",Anglès,"Administració especial sense especificar, Informàtica, Noves tecnologies, Recerca / Laboratori",https://www.bsc.es/ca/uneix-te/oportunitats-de-feina,https://www.bsc.es/ca/join-us/job-opportunities/9226casewpre2,,,
1 plaça d'Assistant Researcher for AI applications in market research project,https://cido.diba.cat/oposicions/21187042/1-placa-dassistant-researcher-for-ai-applications-in-market-research-project-fundacio-bosch-gimpera,Termini obert,20260303O74,202500300,12/04/2026 - Termini anterior: 13/03/2026,Concurs o valoració de mèrits,Laboral temporal,A1 - Grau universitari (correspondència amb llicenciatures),Vegeu les bases,,"Administració especial sense especificar, Enginyeria sense especificar, Informàtica, Noves tecnologies, Recerca / Laboratori",https://extractes.fbg.ub.edu/extractes/frameofertes.jsp#c23db202ea9f54f6dd77ebe49c05bee5,https://extractes.fbg.ub.edu/extractes/ofertarrhh_inscriure.jsp,,,
1 plaça d'Analista de dades,https://cido.diba.cat/oposicions/21172274/1-placa-danalista-de-dades-universitat-oberta-de-catalunya-uoc,Termini obert,20260227O82,,07/04/2026 - Termini anterior: 13/03/2026,Concurs o valoració de mèrits,Laboral temporal,A - Grau universitari,Vegeu les bases,,"Administració especial sense especificar, Anàlisi / Programació",https://selection.uoc.edu/web/offersjob/offers.aspx?y=PP,https://selection.uoc.edu/web/profile/login.aspx,,27/02/2026,
1 plaça de Tècnic de govern TIC,https://cido.diba.cat/oposicions/21283918/1-placa-de-tecnic-de-govern-tic-universitat-oberta-de-catalunya-uoc,Termini obert,20260319O100,,03/04/2026,Concurs o valoració de mèrits,Laboral,A - Grau universitari,Formació universitària superior,"Català, castellà i anglès","Administració especial sense especificar, Noves tecnologies",https://selection.uoc.edu/web/offersjob/offers.aspx?y=PP,https://selection.uoc.edu/web/profile/login.aspx,,,
1 plaça d'Enginyer d'IA (AI Platform & Solutions Engineer),https://cido.diba.cat/oposicions/21142740/1-placa-denginyer-dia-ai-platform-solutions-engineer-universitat-oberta-de-catalunya-uoc,Termini obert,20260224O61,,07/04/2026 - Termini anterior: 13/03/2026,Concurs o valoració de mèrits,Laboral,A - Grau universitari,Vegeu les bases,,"Enginyeria sense especificar, Informàtica",https://selection.uoc.edu/web/offersjob/offers.aspx?y=PP,https://selection.uoc.edu/web/profile/login.aspx,,,
1 plaça de Computational Biology Systems Researcher (R2),https://cido.diba.cat/oposicions/21275846/1-placa-de-computational-biology-systems-researcher-r2-barcelona-supercomputing-center-centro-nacional-de-supercomputacion-bsc-cns,Termini obert,20260318O50,138_26_LS_CB_R2,05/04/2026,Concurs o valoració de mèrits,Laboral temporal,A1 - Grau universitari (correspondència amb llicenciatures),"Doctorat en informàtica, bioinformàtica, biologia o una disciplina similar, amb una sòlida formació en biologia computacional",Anglès,"Biologia, Informàtica, Recerca / Laboratori",https://www.bsc.es/ca/uneix-te/oportunitats-de-feina,https://www.bsc.es/ca/join-us/job-opportunities/13826lscbr2,,,
"1 plaça de Doctorand per a l'autoorganització intercomputacional de la infraestructura de càlcul en xarxes 6G, a la Xarxa de Doctorat NEWTON MSCA",https://cido.diba.cat/oposicions/21276098/1-placa-de-doctorand-per-a-lautoorganitzacio-intercomputacional-de-la-infraestructura-de-calcul-en-xarxes-6g-a-la-xarxa-de-doctorat-newton-msca-universitat-oberta-de-catalunya-uoc,Termini obert,20260318O55,GA 101227315,18/05/2026,Concurs o valoració de mèrits,Laboral temporal,A1 - Grau universitari (correspondència amb llicenciatures),"Màster d'enginyeria elèctrica, informàtica/enginyeria, matemàtiques/física/estadística o un camp relacionat",Nivell B2 d'anglès,"Enginyeria sense especificar, Física, Informàtica. Noves tecnologies, Recerca / Laboratori",https://newton-6g.eu/,https://cv.newton-6g.eu/,,,
1 plaça de Tècnic TIC i de sistemes d'informació (SI),https://cido.diba.cat/oposicions/21271578/1-placa-de-tecnic-tic-i-de-sistemes-dinformacio-si-empresa-municipal-mixta-daigues-de-tarragona-sa-ematsa,Termini obert,20260317O85,,06/04/2026,Concurs oposició o valoració de mèrits i prova,Laboral,"C2 - ESO, graduat escolar, FP 1r grau, cicles formatius grau mitjà","Formació mínima de formació professional (FPI), cicle formatiu de grau mitjà (CFGM) en la branca d'informàtica",Català i castellà / Permís de conduir B,Informàtica. Noves tecnologies,https://www.ematsa.cat/coneix-nos/convocatories-de-personal/,organitzacio@ematsa.cat,,,
"1 plaça de Data Specialist for Public Administration Projects, AI Factory, CSSH Lab (RE3)",https://cido.diba.cat/oposicions/21264797/1-placa-de-data-specialist-for-public-administration-projects-ai-factory-cssh-lab-re3-barcelona-supercomputing-center-centro-nacional-de-supercomputacion-bsc-cns,Termini obert,20260313O139,133_26_DIR_CSSH_RE3,13/04/2026,Concurs o valoració de mèrits,Laboral temporal,A1 - Grau universitari (correspondència amb llicenciatures),"Grau i/o màster en Informàtica, Ciència de Dades, Intel·ligència Artificial, Ciència de la Informació o un camp estretament relacionat",Anglès,"Informàtica, Noves tecnologies, Recerca / Laboratori",https://www.bsc.es/ca/uneix-te/oportunitats-de-feina,https://www.bsc.es/ca/join-us/job-opportunities/13326dircsshre3,,,
1 plaça de Master student in AI4Land benchmarking (R0),https://cido.diba.cat/oposicions/21264790/1-placa-de-master-student-in-ai4land-benchmarking-r0-barcelona-supercomputing-center-centro-nacional-de-supercomputacion-bsc-cns,Termini obert,20260313O138,131_26_ES_CES_R0,13/04/2026,Concurs o valoració de mèrits,Laboral temporal,A1 - Grau universitari (correspondència amb llicenciatures),"Estar matriculat en un programa de grau o màster en Informàtica, Ciència de Dades, Ciències Ambientals o un àmbit relacionat","Català, castellà i anglès","Informàtica, Medi ambient, Recerca / Laboratori",https://www.bsc.es/ca/uneix-te/oportunitats-de-feina,https://www.bsc.es/ca/join-us/fellowships/13126escesr0,,,
1 plaça de Research Engineer/Researcher Climate Services Team (RE2/R2),https://cido.diba.cat/oposicions/21264771/1-placa-de-research-engineerresearcher-climate-services-team-re2r2-barcelona-supercomputing-center-centro-nacional-de-supercomputacion-bsc-cns,Termini obert,20260313O137,132_26_ES_ESS_RE2,13/04/2026,Concurs o valoració de mèrits,Laboral temporal,A1 - Grau universitari (correspondència amb llicenciatures),"Màster en Física, Ciències Ambientals, Matemàtiques, Informàtica o una disciplina relacionada","Català, castellà i anglès","Administració especial sense especificar, Física, Informàtica, Medi ambient, Recerca / Laboratori",https://www.bsc.es/ca/uneix-te/oportunitats-de-feina,https://www.bsc.es/ca/join-us/job-opportunities/13226esessre2,,,
1 plaça de PhD position: Development of a standardized framework for AI threat models and robustness (Project GENOME),https://cido.diba.cat/oposicions/21264648/1-placa-de-phd-position-development-of-a-standardized-framework-for-ai-threat-models-and-robustness-project-genome-fundacio-i2cat-internet-i-innovacio-digital-a-catalunya,Termini obert,20260312O176,123836901,"03/04/2026 - Data orientativa; si teniu algun dubte, consulteu l'ens convocant / Obert fins a trobar la persona candidata adequada",Concurs o valoració de mèrits,Laboral temporal,A1 - Grau universitari (correspondència amb llicenciatures),"Màster en telecomunicacions, informàtica, intel·ligència artificial o un camp d'enginyeria relacionat",Anglès,"Enginyeria de telecomunicacions, Enginyeria sense especificar, Informàtica, Noves tecnologies, Recerca / Laboratori",https://careers.talentclue.com/en/company/63152/offers/menu/modal?ch=100011&amp;hc=ECECEC&amp;lc=444444,https://jobs.genome-msca.eu/,,,
1 plaça de Fullstack developer PHP,https://cido.diba.cat/oposicions/21255903/1-placa-de-fullstack-developer-php-upcnet-sl,Termini obert,20260313O87,req420,"12/04/2026 - Data orientativa; si teniu algun dubte, consulteu l'ens convocant / Obert fins a trobar la persona candidata adequada",Concurs o valoració de mèrits,Laboral temporal,A - Grau universitari,Titulació universitària en STEM o similar,"Coneixements de Base de Dades: PostgreSQL, MySQL",Informàtica. Noves tecnologies,https://upcnet.csod.com/ux/ats/careersite/2/home/?c=upcnet,https://upcnet.csod.com/ux/ats/careersite/2/requisition/420/application?c=upcnet&lang=es-CA&jobboardid=0#1,,,
1 plaça de PhD Position: Mixture-of-Experts for Intent-Based Networking in 6G (Project GENOME),https://cido.diba.cat/oposicions/21264610/1-placa-de-phd-position-mixture-of-experts-for-intent-based-networking-in-6g-project-genome-fundacio-i2cat-internet-i-innovacio-digital-a-catalunya,Termini obert,20260312O175,123488369,"03/04/2026 - Data orientativa; si teniu algun dubte, consulteu l'ens convocant / Obert fins a trobar la persona candidata adequada",Concurs o valoració de mèrits,Laboral temporal,A1 - Grau universitari (correspondència amb llicenciatures),"Màster en telecomunicacions, informàtica, intel·ligència artificial o un camp d'enginyeria relacionat",Anglès,"Enginyeria de telecomunicacions, Enginyeria sense especificar, Informàtica, Noves tecnologies, Recerca / Laboratori",https://careers.talentclue.com/en/company/63152/offers/menu/modal?ch=100011&amp;hc=ECECEC&amp;lc=444444,https://jobs.genome-msca.eu/,,,
1 plaça de Professor agregat per a l'Àrea de Coneixement: Ciència de la Computació i Intel·ligència Artificial (PA214),https://cido.diba.cat/oposicions/21237567/1-plaaa-de-professor-agregat-per-a-larea-de-coneixement-ciancia-de-la-computacia-i-intelligancia-artificial-pa214-universitat-de-lleida-udl,Termini obert,20260312O43,105,13/04/2026,Concurs oposició o valoració de mèrits i prova,Laboral,A1 - Grau universitari (correspondència amb llicenciatures),Títol de doctor,Nivell C1 de català,"Ensenyament universitari, Informàtica, Recerca / Laboratori",https://www.udl.cat/ca/serveis/personal/PDI/Concursos/Contractats/,https://seuelectronica.udl.cat/registreelectronic.php,,,
1 plaça de Junior Helpdesk Linux - (First level),https://cido.diba.cat/oposicions/21247560/1-placa-de-junior-helpdesk-linux-first-level-barcelona-supercomputing-center-centro-nacional-de-supercomputacion-bsc-cns,Termini obert,20260311O108,127_26_OP_H_JHL,30/04/2026,Concurs o valoració de mèrits,Laboral temporal,"C1 - Batxillerat, FP 2n grau, cicles formatius grau superior",Cicle Formatiu de Grau Superior (FP II) en Informàtica o titulació tècnica,"Català, castellà i anglès","Informàtica, Recerca / Laboratori",https://www.bsc.es/ca/uneix-te/oportunitats-de-feina,https://www.bsc.es/ca/join-us/job-opportunities/12726ophjhl,,,
1 plaça de Research Engineer HPC developer (RE1),https://cido.diba.cat/oposicions/21247548/1-placa-de-research-engineer-hpc-developer-re1-barcelona-supercomputing-center-centro-nacional-de-supercomputacion-bsc-cns,Termini obert,20260311O106,62_26_CASE_Q_RE1,30/04/2026,Concurs o valoració de mèrits,Laboral temporal,A - Grau universitari,"Grau completat en Física, Informàtica o una titulació equivalent",Anglès,"Física, Informàtica, Recerca / Laboratori",https://www.bsc.es/ca/uneix-te/oportunitats-de-feina,https://www.bsc.es/ca/join-us/job-opportunities/6226caseqre1,,,
1 plaça de Research Technician - Quantum computing for Earth Sciences (RE1),https://cido.diba.cat/oposicions/21247523/1-placa-de-research-technician-quantum-computing-for-earth-sciences-re1-barcelona-supercomputing-center-centro-nacional-de-supercomputacion-bsc-cns,Termini obert,20260311O104,125_26_ES_CES_RE1,11/04/2026,Concurs o valoració de mèrits,Laboral temporal,A1 - Grau universitari (correspondència amb llicenciatures),"Grau o un Màster, o estar inscrit en un programa de Màster en Física, Informàtica, Matemàtiques Aplicades o un camp relacionat",Anglès,"Administració especial sense especificar, Física, Informàtica, Recerca / Laboratori",https://www.bsc.es/ca/uneix-te/oportunitats-de-feina,https://www.bsc.es/ca/join-us/job-opportunities/12526escesre1,,,
1 plaça d'Application Platform Coordinator (Hinxton),https://cido.diba.cat/oposicions/21240015/1-placa-dapplication-platform-coordinator-hinxton-consorci-parc-de-recerca-biomedica-de-barcelona-prbb-european-molecular-biology-laboratory-embl,Termini obert,20260310O161,JR3299,05/04/2026,Concurs o valoració de mèrits,Laboral temporal,,Vegeu les bases,,"Informàtica, Recerca / Laboratori",https://embl.wd103.myworkdayjobs.com/EMBL?l=barcelona,https://embl.wd103.myworkdayjobs.com/en-US/EMBL/job/Hinxton-Cambridgeshire/Application-Platform-Coordinator_JR3299/apply?l=barcelona,,,
1 plaça d'Analista de dades,https://cido.diba.cat/oposicions/21237527/1-placa-danalista-de-dades-fundacio-de-gestio-sanitaria-de-lhospital-de-la-santa-creu-i-sant-pau,Termini obert,20260311O55,req1982,"11/04/2026 - Data orientativa; si teniu algun dubte, consulteu l'ens convocant / Obert fins a trobar la persona candidata adequada",Concurs o valoració de mèrits,Laboral temporal,A - Grau universitari,Vegeu les bases,Nivell C de català / Coneixement oral i escrit de les dues llengües oficials de Catalunya,"Administració especial sense especificar, Anàlisi / Programació, Dret, Sanitat / Medicina",https://santpau.csod.com/ux/ats/careersite/5/home?c=santpau,https://santpau.csod.com/ux/ats/careersite/5/requisition/1982/application?c=santpau&jobboardid=0#1,,,
1 plaça d'Analista de SAP ISH,https://cido.diba.cat/oposicions/21237483/1-placa-danalista-de-sap-ish-fundacio-de-gestio-sanitaria-de-lhospital-de-la-santa-creu-i-sant-pau,Termini obert,20260311O54,req1981,"11/04/2026 - Data orientativa; si teniu algun dubte, consulteu l'ens convocant / Obert fins a trobar la persona candidata adequada",Concurs o valoració de mèrits,Laboral temporal,A - Grau universitari,Vegeu les bases,Nivell C de català / Coneixement oral i escrit de les dues llengües oficials de Catalunya,"Anàlisi / Programació, Enginyeria sense especificar",https://santpau.csod.com/ux/ats/careersite/5/home?c=santpau,https://santpau.csod.com/ux/ats/careersite/5/requisition/1981/application?c=santpau&jobboardid=0#1,,,
1 plaça de MSCA Doctoral Candidate (DC10) - Agile node-level fault detection and classification (SAILING project),https://cido.diba.cat/oposicions/21245662/1-placa-de-msca-doctoral-candidate-dc10-agile-node-level-fault-detection-and-classification-sailing-project-institut-de-recerca-en-energia-de-catalunya-irec,Termini obert,20260311O99,26/039,06/04/2026 - Termini segons el web de l'ens convocant,Concurs o valoració de mèrits,Laboral temporal,A1 - Grau universitari (correspondència amb llicenciatures),"Màster en Enginyeria Elèctrica, Enginyeria de l'Energia, Telecomunicacions, Enginyeria Industrial, Matemàtiques, Física o altres titulacions afins",,"Administració especial sense especificar, Enginyeria de telecomunicacions, Enginyeria industrial, Física, Noves tecnologies, Recerca / Laboratori",https://www.irec.cat/about/work-with-us/job-oportunities,irecjobs@irec.cat,,,
1 plaça de MSCA Doctoral Candidate (DC8) - Scalable and Optimized Energy Distribution in Internet of Energy (SAILING project),https://cido.diba.cat/oposicions/21246489/1-placa-de-msca-doctoral-candidate-dc8-scalable-and-optimized-energy-distribution-in-internet-of-energy-sailing-project-institut-de-recerca-en-energia-de-catalunya-irec,Termini obert,20260311O100,26/038,06/04/2026 - Termini segons el web de l'ens convocant,Concurs o valoració de mèrits,Laboral temporal,A1 - Grau universitari (correspondència amb llicenciatures),"Màster en Enginyeria Elèctrica, Enginyeria de l'Energia, Telecomunicacions, Enginyeria Industrial, Matemàtiques, Física o altres titulacions afins",,"Administració especial sense especificar, Enginyeria de telecomunicacions, Enginyeria industrial, Física, Noves tecnologies, Recerca / Laboratori",https://www.irec.cat/about/work-with-us/job-oportunities,irecjobs@irec.cat,,,
1 plaça de R2 - Junior Postdoctoral Researcher in Applied Artificial Intelligence for Materials Characterization and Process Monitoring,https://cido.diba.cat/oposicions/21246531/1-placa-de-r2-junior-postdoctoral-researcher-in-applied-artificial-intelligence-for-materials-characterization-and-process-monitoring-institut-de-recerca-en-energia-de-catalunya-irec,Termini obert,20260311O101,2026/44,06/04/2026 - Termini segons el web de l'ens convocant,Concurs o valoració de mèrits,Laboral temporal,A1 - Grau universitari (correspondència amb llicenciatures),"Doctorat en Ciència dels Materials, Física, Enginyeria, Ciència de Dades o una disciplina relacionada",Anglès,"Administració especial sense especificar, Enginyeria de telecomunicacions, Enginyeria industrial, Física, Noves tecnologies, Recerca / Laboratori",https://www.irec.cat/about/work-with-us/job-oportunities,irecjobs@irec.cat,,,
1 plaça de R2 - Postdoctoral Researcher in AI-Driven Automated Platforms for Accelerated Materials Research,https://cido.diba.cat/oposicions/21245417/1-placa-de-r2-postdoctoral-researcher-in-ai-driven-automated-platforms-for-accelerated-materials-research-institut-de-recerca-en-energia-de-catalunya-irec,Termini obert,20260311O98,26/033,06/04/2026,Concurs o valoració de mèrits,Laboral temporal,A1 - Grau universitari (correspondència amb llicenciatures),"Doctorat en Ciència dels Materials, Física, Química, Enginyeria, Intel·ligència Artificial, Robòtica o una disciplina estretament relacionada",Anglès,"Enginyeria sense especificar, Física, Noves tecnologies, Química, Recerca / Laboratori",https://www.irec.cat/about/work-with-us/job-oportunities,,,,
1 plaça de Tècnic auxiliar informàtica,https://cido.diba.cat/oposicions/21039026/1-placa-de-tecnic-auxiliar-informatica-ajuntament-de-calella,Termini obert,20260204O85,2026/1098,08/04/2026,Concurs oposició o valoració de mèrits i prova,Laboral,"C1 - Batxillerat, FP 2n grau, cicles formatius grau superior","Títol de batxillerat, tècnic o equivalent",Nivell C1 de català,Informàtica,http://www.calella.cat/,,,,
"1 plaça de Tècnic auxiliar d'administració digital, innovació i millora de processos",https://cido.diba.cat/oposicions/21123921/1-placa-de-tecnic-auxiliar-dadministracio-digital-innovacio-i-millora-de-processos-ajuntament-de-lloret-de-mar,Termini obert,20260220O40,,08/04/2026,Concurs oposició o valoració de mèrits i prova,Funcionari,"C1 - Batxillerat, FP 2n grau, cicles formatius grau superior","Cicle formatiu de grau superior en informàtica, FP 2on Grau en informàtica o titulació equivalent",Nivell C1 de català,"Anàlisi / Programació, Informàtica, Noves tecnologies",,,,,
1 plaça de Tècnic auxiliar d'informàtica,https://cido.diba.cat/oposicions/21123948/1-placa-de-tecnic-auxiliar-dinformatica-ajuntament-de-lloret-de-mar,Termini obert,20260220O41,,08/04/2026,Concurs oposició o valoració de mèrits i prova,Funcionari,"C1 - Batxillerat, FP 2n grau, cicles formatius grau superior","Cicle formatiu de grau superior en informàtica, FP 2on Grau en informàtica o titulació equivalent",Nivell C1 de català,"Anàlisi / Programació, Informàtica, Noves tecnologies",,,,,
1 plaça de Bioinformatics Scientist (Hinxton),https://cido.diba.cat/oposicions/21224141/1-placa-de-bioinformatics-scientist-hinxton-consorci-parc-de-recerca-biomedica-de-barcelona-prbb-european-molecular-biology-laboratory-embl,Termini obert,20260306O136,JR3203,08/04/2026,Concurs o valoració de mèrits,Laboral temporal,A - Grau universitari,"Grau en en Informàtica, Matemàtiques, Ciències de la Vida o una disciplina relacionada",Anglès,"Biologia, Informàtica, Recerca / Laboratori",https://embl.wd103.myworkdayjobs.com/EMBL?l=barcelona,https://embl.wd103.myworkdayjobs.com/en-US/EMBL/job/Hinxton-Cambridgeshire/Bioinformatics-Scientist_JR3203/apply?l=barcelona,,,
1 plaça de Tècnic de Laboratori al Grup de recerca en comunicació intercel·lular en càncer i envelliment,https://cido.diba.cat/oposicions/21224103/1-placa-de-tecnic-de-laboratori-al-grup-de-recerca-en-comunicacio-intercellular-en-cancer-i-envelliment-fundacio-institut-hospital-del-mar-dinvestigacions-mediques-imim,Termini obert,20260306O133,FIMIM3201-WELZ,"15/04/2026 - Data orientativa; si teniu algun dubte, consulteu l'ens convocant / Obert fins a trobar la persona candidata adequada",Concurs o valoració de mèrits,Laboral temporal,A1 - Grau universitari (correspondència amb llicenciatures),"Grau en Biotecnologia o equivalent, es valorarà màster en bioinformàtica",,"Biologia, Informàtica, Recerca / Laboratori",https://www.imim.cat/ofertes/convocatories-temporals.html,https://intranet.imim.cat/solicitudcontractes/3282/candidatcontractes/new,Incorporació: Maig 2026,,
1 plaça de Postdoc Researcher: Mobile Robotics & AI - Social Human-Robot Interaction (SOCIAL¿PIA),https://cido.diba.cat/oposicions/21231757/1-placa-de-postdoc-researcher-mobile-robotics-ai-social-human-robot-interaction-socialpia-ministerio-de-ciencia-innovacion-y-universidades-consejo-superior-de-investigaciones-cientificas-csic-institut-de-robotica-i-informatica-industrial-irii,Termini obert,20260309O173,153,30/04/2026,Concurs o valoració de mèrits,Laboral temporal,A1 - Grau universitari (correspondència amb llicenciatures),"Doctorat en Robòtica, Intel·ligència Artificial, Informàtica, Enginyeria Electrònica o un camp relacionat",,"Enginyeria sense especificar, Informàtica, Noves tecnologies, Recerca / Laboratori",https://www.iri.upc.edu/join,jobs@iri.upc.edu,,,
1 plaça de Pràctiques Analytics - IA,https://cido.diba.cat/oposicions/21222954/1-placa-de-practiques-analytics-ia-upcnet-sl,Termini obert,20260309O149,req419,"09/04/2026 - Data orientativa; si teniu algun dubte, consulteu l'ens convocant / Obert fins a trobar la persona candidata adequada",Concurs o valoració de mèrits,Laboral temporal,"C1 - Batxillerat, FP 2n grau, cicles formatius grau superior",Vegeu les bases,"Nivell intermedi d'anglès, tant parlat com escrit","Informàtica, Noves tecnologies",https://upcnet.csod.com/ux/ats/careersite/2/home?c=upcnet&amp;lang=es-CA,https://upcnet.csod.com/ux/ats/careersite/2/requisition/419/application?c=upcnet&lang=es-CA&jobboardid=0#1,Contracte de pràctiques,,
1 plaça de Research engineer - R data analysis tools developer (RE2),https://cido.diba.cat/oposicions/21213714/1-placa-de-research-engineer-r-data-analysis-tools-developer-re2-barcelona-supercomputing-center-centro-nacional-de-supercomputacion-bsc-cns,Termini obert,20260306O106,105_26_ES_EDD_RE2,04/04/2026,Concurs o valoració de mèrits,Laboral temporal,A - Grau universitari,"Grau en Informàtica, Telecomunicacions, Matemàtiques, Física o una disciplina relacionada",Anglès,"Enginyeria de telecomunicacions, Física, Informàtica, Recerca / Laboratori",https://www.bsc.es/ca/uneix-te/oportunitats-de-feina,https://www.bsc.es/ca/join-us/job-opportunities/10526eseddre2,,,
1 plaça de Predoctoral Fellow on synergistic health effects of compound exposures and multi-hazard early warning systems,https://cido.diba.cat/oposicions/21145774/1-placa-de-predoctoral-fellow-on-synergistic-health-effects-of-compound-exposures-and-multi-hazard-early-warning-systems-institut-de-salut-global-de-barcelona-isglobal,Termini obert,20260223O96,7288185,31/12/2026,Concurs o valoració de mèrits,Laboral temporal,A1 - Grau universitari (correspondència amb llicenciatures),Títol de màster que doni accés a un programa de doctorat,Català i castellà,"Informàtica, Medi ambient, Noves tecnologies, Recerca / Laboratori, Sanitat / Medicina",https://jobs.isglobal.org/jobs,https://jobs.isglobal.org/jobs/7288185-predoctoral-fellow-on-synergistic-health-effects-of-compound-exposures-and-multi-hazard-early,,,
1 plaça de Tècnic auxiliar - Programador informàtic,https://cido.diba.cat/oposicions/15512151/1-placa-de-tecnic-auxiliar-programador-informatic-ajuntament-de-sabadell,Pendent de termini,20230113O37,COTLLC16722,El termini s'obrirà l'endemà de la publicació de la convocatòria al BOE i serà de 20 dies naturals,Concurs oposició o valoració de mèrits i prova,Funcionari,"C1 - Batxillerat, FP 2n grau, cicles formatius grau superior",Vegeu les bases,Nivell C1 de català,Informàtica. Noves tecnologies,https://seu.sabadell.cat/opensiac/action/infopublica?method=enter&edictos=TEAS,,,,
6 places de Tècnic superior tecnologies i sistemes d'informació,https://cido.diba.cat/oposicions/16304111/6-places-de-tacnic-superior-tecnologies-i-sistemes-dinformacia-area-metropolitana-de-barcelona-amb,Pendent de termini,20231103O22,,"S'informarà de l'inici d'obertura dels processos selectius objecte d'aquesta convocatòria, durant l'any 2025, mitjançant la corresponent publicació al DOGC i a la pàgina web",Concurs oposició o valoració de mèrits i prova,Funcionari,A1 - Grau universitari (correspondència amb llicenciatures),,,Informàtica,https://www.amb.cat/ca/web/amb/administracio-metropolitana/empleats-publics-i-retribucions/ocupacio-publica,,L'aprovació de les bases generals es durà a terme durant el segon semestre de l'any 2024 i la de les bases específiques es durà a terme a partir de l'any 2025,,
1 plaça de Tècnic superior tecnologies i sistemes d'informació,https://cido.diba.cat/oposicions/16304379/1-plaaa-de-tacnic-superior-tecnologies-i-sistemes-dinformacia-area-metropolitana-de-barcelona-amb-institut-metropolita-del-taxi,Pendent de termini,20231103O38,,"S'informarà de l'inici d'obertura dels processos selectius objecte d'aquesta convocatòria, durant l'any 2025, mitjançant la corresponent publicació al DOGC i a la pàgina web",Concurs oposició o valoració de mèrits i prova,Funcionari,A1 - Grau universitari (correspondència amb llicenciatures),,,Informàtica,https://www.amb.cat/ca/web/amb/administracio-metropolitana/empleats-publics-i-retribucions/ocupacio-publica,,L'aprovació de les bases generals es durà a terme durant el segon semestre de l'any 2024 i la de les bases específiques es durà a terme a partir de l'any 2025,,
1 plaça de Tècnic superior Delegat de protecció de dades i E-administració,https://cido.diba.cat/oposicions/21027268/1-placa-de-tecnic-superior-delegat-de-proteccio-de-dades-i-e-administracio-ajuntament-de-sabadell,Pendent de termini,20230113O57,COTLLA17822,"El termini s'obrirà l'endemà de la publicació de la convocatòria al BOE, i serà de 20 dies naturals",Concurs oposició o valoració de mèrits i prova,Funcionari,A1 - Grau universitari (correspondència amb llicenciatures),"Grau, llicenciatura o titulació equivalent",Nivell C1 de català,"Administració especial sense especificar, Comunicació, Noves tecnologies",https://www.sabadell.cat/ca/oferta-publica/concurs-oposicio-torn-lliure,https://seu.sabadell.cat/opensiac/action/tramitesinfo?method=enter&id=854,"Fins un màxim del 50% de places addicionals per a cobrir futures vacants, a càrrec de les ofertes públiques d'ocupació de l'any 2026, oferta pública d'ocupació 2027 i oferta pública d'ocupació 2028",,
2 places de Tècnic superior en anàlisis de dades i gestió,https://cido.diba.cat/oposicions/21027217/2-places-de-tecnic-superior-en-analisis-de-dades-i-gestio-ajuntament-de-sabadell,Pendent de termini,20230113O56,COTLLA17722,El termini s'obrirà l'endemà de la publicació de la convocatòria al BOE i serà de 20 dies naturals,Concurs oposició o valoració de mèrits i prova,Funcionari,A1 - Grau universitari (correspondència amb llicenciatures),Vegeu les bases,Nivell C1 de català,"Administració especial sense especificar, Informàtica, Relacions públiques / Publicitat, Sociologia",https://www.sabadell.cat/ca/oferta-publica/concurs-oposicio-torn-lliure,https://seu.sabadell.cat/opensiac/action/tramitesinfo?method=enter&id=854,"Fins un màxim del 50% de places addicionals per a cobrir futures vacants, a càrrec de les ofertes públiques d'ocupació de l'any 2026, oferta pública d'ocupació 2027 i oferta pública d'ocupació 2028",,1 plaça reservada a persones amb discapacitat
1 plaça de Tècnic mitjà de sistemes,https://cido.diba.cat/oposicions/20935354/1-placa-de-tecnic-mitja-de-sistemes-ajuntament-de-sabadell,Pendent de termini,20250818O34,COTLLA28522,El termini s'obrirà l'endemà de la publicació de la convocatòria al BOE i serà de 20 dies naturals,Concurs oposició o valoració de mèrits i prova,Funcionari,A2 - Grau universitari (correspondència amb diplomatures),Vegeu les bases,Nivell C1 de català,"Administració especial sense especificar, Enginyeria de telecomunicacions, Enginyeria sense especificar, Informàtica",https://www.sabadell.cat/ca/oferta-publica/concurs-oposicio-torn-lliure,https://seu.sabadell.cat/opensiac/action/tramitesinfo?method=enter&id=854,"Places addicionals per a cobrir futures vacants, a càrrec de les ofertes públiques de 2025, 2026 i 2027",,
1 plaça de Tècnic mitjà de tecnologies de la informació i la comunicació,https://cido.diba.cat/oposicions/20935235/1-placa-de-tecnic-mitja-de-tecnologies-de-la-informacio-i-la-comunicacio-ajuntament-de-sabadell,Pendent de termini,20250818O33,COTLLA28022,El termini s'obrirà l'endemà de la publicació de la convocatòria al BOE i serà de 20 dies naturals,Concurs oposició o valoració de mèrits i prova,Funcionari,A2 - Grau universitari (correspondència amb diplomatures),Vegeu les bases,Nivell C1 de català,"Comunicació, Enginyeria de telecomunicacions, Enginyeria sense especificar, Imatge i so, Informàtica, Relacions públiques / Publicitat",https://www.sabadell.cat/ca/oferta-publica/concurs-oposicio-torn-lliure,https://seu.sabadell.cat/opensiac/action/tramitesinfo?method=enter&id=854,"Places addicionals per a cobrir futures vacants, a càrrec de les ofertes públiques de 2025, 2026 i 2027",,
1 plaça de Tècnic mitjà d'informàtica,https://cido.diba.cat/oposicions/13774020/1-placa-de-tecnic-mitja-dinformatica-ajuntament-de-lleida,Pendent de termini,20220707O72,,El termini s'obrirà l'endemà de la publicació de la convocatòria al BOE i serà de 20 dies hàbils,Concurs oposició o valoració de mèrits i prova,Funcionari,A2 - Grau universitari (correspondència amb diplomatures),"Grau universitari, Diplomatura universitària, enginyeria tècnica, arquitectura tècnica o equivalent",Nivell C1 de català,Informàtica,https://paeria.convoca.online/,,,,
"Borsa de treball de places de Tècnic superior en sistemes informàtics, especialitzat en l'àmbit d'aplicacions",https://cido.diba.cat/oposicions/19375853/borsa-de-treball-de-places-de-tacnic-superior-en-sistemes-informatics-especialitzat-en-lambit-daplicacions-area-metropolitana-de-barcelona-amb,Termini obert,20250505O14,901628/25,Obert permanentment,Concurs o valoració de mèrits,Funcionari interí,A1 - Grau universitari (correspondència amb llicenciatures),Grau uinversitari o llicenciatura,,"Administració especial sense especificar, Enginyeria sense especificar, Informàtica. Noves tecnologies",https://www.amb.cat/s/web/amb/administracio-metropolitana/empleats-publics-i-retribucions/ocupacio-publica/borsa-de-treball.html,https://area-personal.amb.cat/borses?inscripcioBorsa=2,,05/05/2025,
1 plaça de Titulat superior universitari en l'àmbit informàtic,https://cido.diba.cat/oposicions/19310434/1-placa-de-titulat-superior-universitari-en-lambit-informatic-ajuntament-de-lhospitalet-de-llobregat,Pendent de termini,20240628O171,,El termini s'obrirà l'endemà de la publicació de la convocatòria al DOGC i serà de 20 dies hàbils,Concurs oposició o valoració de mèrits i prova,Funcionari,A1 - Grau universitari (correspondència amb llicenciatures),Titulació universitària oficial de grau o llicenciatura en enginyeria en informàtica o equivalent,Nivell C1 de català,"Enginyeria sense especificar, Informàtica. Noves tecnologies",https://seuelectronica.l-h.cat/seleccio,,Plaça 000631,,
"Borsa de treball de places de Tècnic superior en sistemes informàtics, especialitzats en l'àmbit de sistemes i lloc de treball",https://cido.diba.cat/oposicions/19368273/borsa-de-treball-de-places-de-tacnic-superior-en-sistemes-informatics-especialitzats-en-lambit-de-sistemes-i-lloc-de-treball-area-metropolitana-de-barcelona-amb,Termini obert,20250502O14,901832/25,Obert permanentment,Concurs o valoració de mèrits,Laboral temporal,A1 - Grau universitari (correspondència amb llicenciatures),Grau universitari o llicenciatura,,Informàtica,https://www.amb.cat/s/web/amb/administracio-metropolitana/empleats-publics-i-retribucions/ocupacio-publica/borsa-de-treball.html,https://area-personal.amb.cat/borses?inscripcioBorsa=3,,02/05/2025,
"Borsa de treball de places de Tècnic superior professor, especialitat noves tecnologies a l'Escola Municipal de Música Pau Casals",https://cido.diba.cat/oposicions/17988107/borsa-de-treball-de-places-de-tecnic-superior-professor-especialitat-noves-tecnologies-a-lescola-municipal-de-musica-pau-casals-ajuntament-del-vendrell,Termini obert,20240829O14,BTPM 2024.32,Permanent a partir del 30/08/2024,Oposició o prova,Laboral temporal,A1 - Grau universitari (correspondència amb llicenciatures),Vegeu les bases,Nivell C1 de català,"Educació musical, Música, Noves tecnologies",https://www.elvendrell.net/ajuntament/oferta-docupacio-publica,https://www.seu-e.cat/ca/web/elvendrell,,30/08/2024,
"Borsa de treball de places de Tècnic superior Professor Acústica, Informàtica i Tecnologia Musical",https://cido.diba.cat/oposicions/13853031/borsa-de-treball-de-places-de-tecnic-superior-professor-acustica-informatica-i-tecnologia-musical-ajuntament-de-sabadell,Termini obert,20220823O18,BEA11222,Obert permanentment,Oposició o prova,Interí o temporal,A1 - Grau universitari (correspondència amb llicenciatures),"Títol de grau o títol superior de música i una titulació o formació i pràctiques de treball, en les Tecnologies d'Informació i Comunicació en música",Nivell C1 de català,"Educació musical, Informàtica, Música, Noves tecnologies",https://www.sabadell.cat/ca/borses/162722-bases-especifiques-de-procesos-de-borsa-de-treball-oberts-per-cobrir-llocs-de-treball-de-tecnic-a-superior-professor-a-de-diferents-especialitats-de-musica-de-l-ajuntament-de-sabadell,https://seu.sabadell.cat/opensiac/action/tramitesinfo?method=enter&id=795,,24/08/2022,
